506, 497, 502, 508, 507, 863825
504, 494, 500, 506, 505, 863860
509, 499, 505, 510, 509, 863894
505, 495, 500, 506, 505, 863929
508, 499, 504, 509, 509, 863964
505, 495, 501, 506, 505, 863997
507, 498, 503, 508, 508, 864032
506, 495, 502, 507, 506, 864066
507, 497, 502, 508, 507, 864101
508, 499, 504, 509, 509, 864135
507, 498, 502, 508, 508, 864169
507, 498, 503, 508, 509, 864203
505, 496, 501, 507, 507, 864238
506, 496, 502, 507, 507, 864272
507, 498, 503, 509, 508, 864307
507, 497, 503, 508, 507, 864340
506, 497, 501, 508, 508, 864375
507, 498, 503, 508, 508, 864409
506, 497, 501, 507, 507, 864444
510, 501, 506, 510, 511, 864478
505, 497, 500, 506, 507, 864513
509, 501, 504, 510, 511, 864546
505, 497, 501, 507, 507, 864581
506, 497, 502, 507, 508, 864615
505, 494, 500, 506, 505, 864650
506, 496, 501, 507, 506, 864684
506, 495, 502, 507, 506, 864718
505, 495, 501, 507, 505, 864752
505, 494, 502, 507, 505, 864787
507, 496, 502, 508, 507, 864821
507, 496, 502, 508, 507, 864856
507, 497, 502, 508, 507, 864889
506, 496, 502, 507, 507, 864924
508, 499, 503, 508, 509, 864958
507, 498, 503, 508, 508, 864993
507, 497, 502, 508, 508, 865027
506, 496, 501, 507, 507, 865061
507, 497, 502, 508, 508, 865096
507, 498, 503, 508, 508, 865130
507, 497, 502, 508, 508, 865165
507, 498, 502, 508, 508, 865199
508, 499, 503, 509, 509, 865233
507, 498, 502, 508, 509, 865267
507, 499, 503, 508, 509, 865302
505, 496, 500, 506, 507, 865336
507, 498, 503, 508, 509, 865371
505, 496, 502, 507, 507, 865404
506, 497, 502, 508, 507, 865439
506, 496, 502, 507, 507, 865473
505, 495, 501, 507, 506, 865508
506, 496, 503, 508, 507, 865542
505, 494, 501, 507, 505, 865576
506, 494, 501, 507, 505, 865610
507, 496, 503, 509, 507, 865645
507, 497, 503, 508, 507, 865679
508, 498, 503, 509, 508, 865714
506, 497, 501, 507, 508, 865747
507, 498, 502, 508, 508, 865782
507, 498, 502, 508, 508, 865816
507, 497, 503, 508, 508, 865851
507, 498, 502, 507, 508, 865885
508, 499, 503, 509, 510, 865920
507, 498, 502, 507, 508, 865953
505, 496, 501, 507, 507, 865988
505, 496, 501, 507, 506, 866022
506, 496, 502, 507, 506, 866057
507, 498, 503, 508, 507, 866091
507, 496, 502, 508, 507, 866125
507, 498, 502, 508, 508, 866160
507, 497, 502, 507, 507, 866194
506, 496, 502, 507, 506, 866229
507, 496, 503, 508, 507, 866263
507, 497, 502, 508, 507, 866297
508, 499, 504, 509, 509, 866331
506, 497, 501, 507, 508, 866366
507, 498, 504, 509, 508, 866400
506, 498, 501, 507, 508, 866435
508, 499, 503, 509, 510, 866468
506, 498, 501, 507, 509, 866503
506, 497, 502, 507, 507, 866537
504, 494, 500, 506, 505, 866572
507, 497, 503, 508, 508, 866606
505, 495, 501, 507, 505, 866640
507, 497, 503, 508, 507, 866674
505, 495, 501, 507, 506, 866709
506, 494, 516, 507, 505, 866743
504, 504, 503, 512, 510, 866778
511, 500, 492, 508, 514, 866811
509, 491, 507, 504, 504, 866846
503, 501, 512, 510, 505, 866880
508, 505, 493, 512, 515, 866915
511, 493, 499, 505, 508, 866949
504, 494, 514, 507, 502, 866983
503, 504, 500, 511, 510, 867017
513, 500, 494, 509, 515, 867052
506, 489, 508, 503, 502, 867086
504, 502, 511, 511, 507, 867121
507, 502, 491, 510, 513, 867154
514, 495, 502, 506, 510, 867189
502, 493, 513, 507, 501, 867223
503, 503, 497, 511, 511, 867258
512, 496, 494, 507, 512, 867293
508, 491, 512, 505, 503, 867326
501, 500, 507, 510, 506, 867361
509, 502, 491, 510, 514, 867395
510, 490, 502, 503, 505, 867430
504, 497, 515, 509, 504, 867464
502, 501, 495, 510, 509, 867499
513, 495, 495, 507, 511, 867532
505, 489, 511, 504, 500, 867567
504, 504, 507, 513, 509, 867601
508, 498, 489, 508, 511, 867636
510, 491, 505, 504, 504, 867670
503, 498, 514, 509, 503, 867704
506, 505, 494, 512, 514, 867738
514, 496, 498, 507, 512, 867773
503, 491, 512, 504, 501, 867807
503, 505, 504, 512, 510, 867842
511, 501, 492, 509, 515, 867875
510, 492, 508, 504, 505, 867910
503, 501, 511, 510, 506, 867944
506, 503, 491, 510, 513, 867979
513, 494, 499, 506, 509, 868013
503, 492, 513, 505, 500, 868047
502, 503, 500, 511, 509, 868081
510, 496, 491, 507, 511, 868116
508, 489, 510, 504, 502, 868150
500, 497, 508, 509, 502, 868185
507, 502, 491, 511, 512, 868218
512, 491, 501, 505, 506, 868253
504, 494, 514, 507, 501, 868287
504, 503, 499, 512, 510, 868322
511, 495, 492, 506, 511, 868357
508, 492, 512, 505, 503, 868390
503, 503, 508, 511, 508, 868425
510, 504, 493, 511, 516, 868459
511, 492, 502, 504, 507, 868494
503, 498, 514, 508, 504, 868528
505, 505, 496, 511, 513, 868562
514, 497, 498, 507, 513, 868596
506, 493, 512, 505, 503, 868631
502, 502, 505, 511, 508, 868665
510, 502, 491, 510, 515, 868700
511, 491, 506, 504, 505, 868733
501, 497, 511, 508, 502, 868768
505, 503, 494, 511, 513, 868802
511, 492, 495, 505, 508, 868837
505, 493, 515, 506, 502, 868871
501, 501, 502, 511, 507, 868905
506, 498, 490, 507, 512, 868939
510, 491, 510, 505, 504, 868974
500, 496, 508, 508, 501, 869008
508, 505, 494, 513, 515, 869043
511, 492, 497, 504, 507, 869076
506, 495, 517, 508, 503, 869111
503, 503, 500, 511, 510, 869145
512, 499, 493, 508, 513, 869180
509, 491, 509, 504, 504, 869214
503, 502, 510, 511, 507, 869249
506, 502, 490, 510, 513, 869282
512, 492, 501, 504, 507, 869317
501, 492, 511, 505, 499, 869351
505, 504, 500, 513, 511, 869386
510, 493, 492, 505, 508, 869420
508, 491, 513, 505, 503, 869454
502, 500, 506, 510, 505, 869489
510, 504, 493, 512, 515, 869523
512, 492, 503, 504, 506, 869558
506, 497, 501, 508, 507, 869592
507, 498, 502, 508, 508, 869626
508, 499, 503, 509, 509, 869660
507, 499, 502, 508, 509, 869695
507, 499, 503, 508, 509, 869729
506, 498, 500, 507, 508, 869764
507, 499, 503, 509, 509, 869797
504, 495, 500, 506, 506, 869832
506, 496, 502, 508, 506, 869866
506, 496, 501, 507, 506, 869901
507, 496, 503, 508, 507, 869935
506, 496, 502, 507, 506, 869969
504, 494, 501, 506, 504, 870003
506, 496, 502, 508, 506, 870038
508, 498, 504, 509, 509, 870072
506, 497, 502, 507, 508, 870107
507, 498, 502, 508, 508, 870140
505, 495, 500, 506, 506, 870175
508, 498, 504, 509, 509, 870209
506, 496, 502, 507, 506, 870244
506, 497, 502, 507, 507, 870278
507, 497, 502, 508, 508, 870312
507, 497, 503, 508, 508, 870346
507, 498, 503, 509, 508, 870381
506, 497, 501, 507, 507, 870415
508, 499, 503, 509, 509, 870450
507, 498, 502, 508, 508, 870483
508, 499, 503, 508, 509, 870518
505, 496, 500, 506, 506, 870553
507, 498, 503, 508, 508, 870587
505, 496, 501, 507, 507, 870622
509, 500, 505, 510, 510, 870656
504, 495, 500, 506, 506, 870690
507, 498, 503, 508, 508, 870724
506, 496, 502, 508, 507, 870759
506, 496, 501, 507, 506, 870793
506, 496, 502, 507, 506, 870828
507, 497, 503, 508, 508, 870861
507, 497, 502, 508, 507, 870896
507, 497, 503, 508, 507, 870930
504, 494, 499, 505, 505, 870965
507, 497, 503, 509, 507, 870999
506, 496, 502, 507, 506, 871033
508, 498, 503, 509, 508, 871067
505, 495, 500, 506, 506, 871102
508, 499, 503, 509, 508, 871136
506, 496, 501, 507, 507, 871171
509, 500, 505, 510, 510, 871204
506, 497, 500, 507, 507, 871239
509, 502, 504, 510, 511, 871273
506, 497, 501, 507, 508, 871308
507, 498, 502, 508, 509, 871342
505, 495, 501, 506, 506, 871376
505, 496, 501, 507, 506, 871410
507, 497, 503, 508, 507, 871445
506, 496, 501, 507, 506, 871479
505, 495, 500, 506, 505, 871514
507, 497, 502, 508, 507, 871547
506, 495, 502, 507, 506, 871582
507, 497, 503, 508, 507, 871616
506, 495, 501, 507, 506, 871651
508, 498, 503, 509, 508, 871686
507, 498, 503, 508, 508, 871719
507, 498, 503, 508, 508, 871754
506, 497, 501, 507, 507, 871788
506, 497, 502, 508, 508, 871823
507, 497, 502, 508, 508, 871857
507, 498, 503, 508, 508, 871891
506, 497, 502, 507, 507, 871925
507, 498, 502, 508, 508, 871960
506, 497, 502, 507, 507, 871994
507, 498, 503, 509, 509, 872029
505, 495, 500, 506, 506, 872062
508, 499, 503, 509, 509, 872097
507, 497, 502, 508, 508, 872131
506, 497, 502, 507, 508, 872166
